shift,activity,date_time
0,"Прием_осмотр,_консультация_врача-кардиолога_первичный",2016-05-06 16:10:00
0,"Прием_осмотр,_консультация_врача-кардиолога_первичный",2016-05-06 16:50:00
0,Считыватель КПК D2.03 (вых) ESMI,2016-05-06 18:24:46
0,Считыватель КПК D2.03 (вых) ESMI,2016-05-06 18:29:08
1,КПП-2.04 Выход через турн.3,2016-05-10 09:49:29
1,Считыватель КПК D1.10,2016-05-10 09:51:10
1,Считыватель КПК D2.03 (вх) ESMI,2016-05-10 10:05:20
1,Считыватель КПК D2.03 (вых) ESMI,2016-05-10 10:17:56
1,Считыватель КПК D4.08,2016-05-10 12:33:20
1,Считыватель КПК D5.08,2016-05-10 12:33:39
1,Считыватель КПК D7.06,2016-05-10 12:36:05
1,Ввод_назначений Консультация,2016-05-10 13:16:00
2,КПП-2.04 Выход через турн.3,2016-05-11 09:31:32
2,Считыватель КПК D2.03 (вх) ESMI,2016-05-11 10:02:19
2,Считыватель КПК D2.03 (вх) ESMI,2016-05-11 10:05:18
2,Считыватель КПК D2.03 (вых) ESMI,2016-05-11 10:05:18
2,Считыватель КПК D7.06,2016-05-11 11:57:37
2,"Прием_осмотр,_консультация_врача-кардиолога_первичный",2016-05-11 12:17:00
2,Считыватель КПК D7.06,2016-05-11 14:17:28
2,Считыватель ЛРК2 D1.20.12,2016-05-11 16:26:12
2,Лифт 3 Счит.Двери 1,2016-05-11 16:28:54
2,Лифт 3 Счит.Двери 1,2016-05-11 16:29:46
2,Считыватель КПК D3.03 (вых) ESMI,2016-05-11 16:31:53
3,КПП-2.01 Вход через турн.2(1),2016-05-16 10:48:02
3,Считыватель КПК D1.41,2016-05-16 10:49:10
3,Считыватель КПК D1.41,2016-05-16 12:13:33
3,Считыватель КПК D6.08,2016-05-16 14:09:13
3,Считыватель КПК D6.06,2016-05-16 14:09:25
3,Ввод_назначений Консультация,2016-05-16 15:57:00
4,КПП-2.04 Выход через турн.3,2016-05-17 09:00:35
4,Считыватель КПК D1.41,2016-05-17 09:01:33
4,Считыватель КПК D1.41,2016-05-17 09:50:08
4,Считыватель ЛРК2 D1.19.11,2016-05-17 10:35:21
4,Считыватель ЛРК2 D1.19.14,2016-05-17 10:36:12
4,Ввод_назначений Лаборатория,2016-05-17 10:47:00
4,Считыватель КПК D1.10,2016-05-17 11:21:06
4,Считыватель КПК D5.06 (вх в 1А),2016-05-17 11:22:09
4,Считыватель КПК D5.06 (вх в стационар),2016-05-17 11:24:36
4,Считыватель КПК D7.06,2016-05-17 11:25:30
4,Считыватель КПК D5.06 (вх в 1А),2016-05-17 14:03:41
4,Считыватель КПК D1.41,2016-05-17 14:13:56
5,Считыватель КПК D1.10,2016-05-19 11:27:58
5,Считыватель КПК D7.06,2016-05-19 12:40:38
5,Считыватель КПК D2.03 (вх) ESMI,2016-05-19 13:17:47
5,Считыватель КПК D2.03 (вых) ESMI,2016-05-19 13:17:47
5,Считыватель КПК D1.41,2016-05-19 14:53:22
5,Считыватель КПК D7.06,2016-05-19 16:56:05
5,Считыватель КПК D7.06,2016-05-19 17:00:23
6,КПП-2.01 Вход через турн.2(1),2016-05-20 10:26:31
6,Считыватель КПК D1.41,2016-05-20 10:27:44
6,Считыватель КПК D2.03 (вх) ESMI,2016-05-20 10:41:28
6,Считыватель КПК D2.03 (вых) ESMI,2016-05-20 10:49:18
6,Считыватель КПК D1.01,2016-05-20 11:14:19
6,Считыватель КПК D2.03 (вх) ESMI,2016-05-20 12:30:18
6,Считыватель КПК D1.41,2016-05-20 12:45:54
6,Считыватель КПК D2.03 (вх) ESMI,2016-05-20 15:26:29
6,"Прием_осмотр,_консультация_врача-кардиолога_первичный",2016-05-20 16:10:00
6,"Прием_осмотр,_консультация_врача-кардиолога_первичный",2016-05-20 16:50:00
6,Считыватель КПК D2.03 (вых) ESMI,2016-05-20 17:28:11
6,Считыватель КПК D7.06,2016-05-20 17:29:33
6,Считыватель КПК D2.03 (вх) ESMI,2016-05-20 17:47:57
6,Считыватель КПК D2.03 (вых) ESMI,2016-05-20 18:12:45
6,Считыватель КПК D2.03 (вх) ESMI,2016-05-20 19:00:50
6,Считыватель КПК D2.03 (вых) ESMI,2016-05-20 19:02:08
7,КПП-2.01 Вход через турн.2(1),2016-05-23 11:15:01
7,Считыватель КПК D1.41,2016-05-23 11:16:58
7,Считыватель КПК D2.03 (вх) ESMI,2016-05-23 12:50:20
7,Считыватель КПК D2.03 (вых) ESMI,2016-05-23 12:50:20
7,Считыватель КПК D1.41,2016-05-23 12:53:02
7,Считыватель КПК D7.06,2016-05-23 15:11:37
8,КПП-2.04 Выход через турн.3,2016-05-24 08:50:00
8,Считыватель КПК D1.41,2016-05-24 08:50:59
8,Считыватель КПК D2.03 (вх) ESMI,2016-05-24 09:00:02
8,"Ввод_назначений Лаборатория, Инъекции",2016-05-24 09:23:00
8,Считыватель КПК D1.41,2016-05-24 10:01:34
8,Считыватель КПК D7.06,2016-05-24 10:42:05
8,Считыватель КПК D1.41,2016-05-24 10:56:17
8,Считыватель КПК D1.41,2016-05-24 12:10:08
9,КПП-2.01 Вход через турн.2(1),2016-05-26 10:21:35
10,КПП-2.01 Вход через турн.2(1),2016-05-27 12:20:17
10,"Прием_осмотр,_консультация_врача-кардиолога_повторный",2016-05-27 12:59:00
10,"Прием_осмотр,_консультация_врача-кардиолога_первичный",2016-05-27 16:10:00
10,"Прием_осмотр,_консультация_врача-кардиолога_первичный",2016-05-27 16:50:00
10,"Прием_осмотр,_консультация_врача-кардиолога_первичный",2016-05-27 17:30:00
10,Считыватель КПК D2.03 (вых) ESMI,2016-05-27 18:16:08
11,КПП-2.01 Вход через турн.2(1),2016-05-30 10:33:57
11,Считыватель КПК D2.03 (вх) ESMI,2016-05-30 12:29:56
11,Считыватель КПК D2.03 (вых) ESMI,2016-05-30 12:38:15
12,Ввод_назначений УЗИ,2016-05-31 12:11:00
13,КПП-2.01 Вход через турн.2(1),2016-06-01 11:19:45
13,Считыватель КПК D1.41,2016-06-01 11:24:37
13,Считыватель КПК D7.06,2016-06-01 13:18:10
13,Ввод_назначений УЗИ,2016-06-01 13:46:00
14,КПП-2.01 Вход через турн.2(1),2016-06-06 10:20:08
14,Считыватель КПК D1.41,2016-06-06 10:21:16
14,Считыватель КПК D1.10,2016-06-06 10:21:20
14,Считыватель КПК D2.03 (вх) ESMI,2016-06-06 11:22:21
14,Считыватель КПК D2.03 (вх) ESMI,2016-06-06 11:40:54
14,Считыватель КПК D2.03 (вых) ESMI,2016-06-06 11:40:54
15,КПП-2.01 Вход через турн.2(1),2016-06-07 09:17:01
15,Считыватель КПК D1.10,2016-06-07 09:18:05
15,"Ввод_назначений Лаборатория, Инъекции",2016-06-07 09:35:00
15,Считыватель КПК D2.03 (вх) ESMI,2016-06-07 09:58:29
15,Считыватель КПК D1.41,2016-06-07 11:03:43
15,Считыватель КПК D1.10,2016-06-07 11:03:49
15,Считыватель КПК D1.41,2016-06-07 15:03:00
15,Считыватель КПК D1.10,2016-06-07 15:03:07
16,Считыватель КПК D1.41,2016-06-10 10:30:19
16,Ввод_назначений Консультация,2016-06-10 11:11:00
16,"Прием_осмотр,_консультация_врача-кардиолога_первичный",2016-06-10 11:12:00
16,Считыватель КПК D2.03 (вых) ESMI,2016-06-10 11:55:49
16,Считыватель КПК D1.41,2016-06-10 11:59:23
16,Считыватель КПК D1.41,2016-06-10 14:05:52
16,"Прием_осмотр,_консультация_врача-кардиолога_первичный",2016-06-10 16:10:00
16,"Прием_осмотр,_консультация_врача-кардиолога_первичный",2016-06-10 16:50:00
16,"Прием_осмотр,_консультация_врача-кардиолога_первичный",2016-06-10 17:30:00
16,Считыватель КПК D2.03 (вых) ESMI,2016-06-10 17:42:34
16,Считыватель КПК D2.10,2016-06-10 18:11:42
16,Считыватель КПК D2.03 (вх) ESMI,2016-06-10 18:19:08
16,"Прием_осмотр,_консультация_врача-кардиолога_повторный",2016-06-10 18:30:00
16,Считыватель КПК D2.03 (вых) ESMI,2016-06-10 19:12:30
17,Считыватель КПК D1.10,2016-06-14 09:54:23
17,Считыватель КПК D2.03 (вх) ESMI,2016-06-14 12:00:44
17,Считыватель КПК D2.03 (вых) ESMI,2016-06-14 12:30:59
18,Считыватель КПК D1.41,2016-06-15 11:17:38
18,Считыватель КПК D1.10,2016-06-15 11:17:42
18,Считыватель КПК D2.03 (вх) ESMI,2016-06-15 11:31:28
19,КПП-2.01 Вход через турн.2(1),2016-06-16 09:29:59
19,Считыватель КПК D1.41,2016-06-16 09:31:04
19,Считыватель КПК D1.10,2016-06-16 09:31:08
19,Считыватель КПК D7.06,2016-06-16 09:34:31
19,Считыватель КПК D1.41,2016-06-16 09:53:01
19,Считыватель КПК D1.10,2016-06-16 09:53:05
19,Ввод_назначений УЗИ,2016-06-16 11:35:00
19,Считыватель КПК D7.06,2016-06-16 11:52:12
19,Считыватель КПК D1.41,2016-06-16 13:06:34
19,Считыватель КПК D3.11,2016-06-16 13:07:19
19,Считыватель КПК D7.06,2016-06-16 13:11:28
19,Считыватель КПК D2.03 (вх) ESMI,2016-06-16 14:16:48
19,Считыватель КПК D2.03 (вых) ESMI,2016-06-16 15:16:11
19,ЛРК2 Турникет 4 Вых,2016-06-16 15:39:31
19,Лифт 3 Счит.Двери 1,2016-06-16 18:21:00
19,Считыватель ЛРК2 D1.20.12,2016-06-16 18:25:51
19,Лифт №2. Считыватель,2016-06-16 18:28:22
20,Считыватель КПК D2.03 (вх) ESMI,2016-06-17 14:25:41
20,Считыватель КПК D2.03 (вх) ESMI,2016-06-17 14:27:08
20,Считыватель КПК D2.03 (вых) ESMI,2016-06-17 14:27:08
20,Считыватель КПК D7.06,2016-06-17 14:31:10
20,Считыватель КПК D2.03 (вх) ESMI,2016-06-17 15:29:04
20,"Прием_осмотр,_консультация_врача-кардиолога_первичный",2016-06-17 16:10:00
20,"Прием_осмотр,_консультация_врача-кардиолога_первичный",2016-06-17 16:50:00
20,Считыватель КПК D2.03 (вых) ESMI,2016-06-17 17:11:34
20,Считыватель КПК D2.03 (вых) ESMI,2016-06-17 17:12:02
20,Считыватель КПК D2.03 (вх) ESMI,2016-06-17 17:24:42
20,"Прием_осмотр,_консультация_врача-кардиолога_повторный",2016-06-17 18:00:00
20,Считыватель КПК D2.03 (вых) ESMI,2016-06-17 18:00:24
20,Считыватель КПК D7.06,2016-06-17 18:03:50
20,Считыватель КПК D2.10,2016-06-17 18:07:36
20,Считыватель КПК D2.03 (вх) ESMI,2016-06-17 18:07:58
20,"Прием_осмотр,_консультация_врача-кардиолога_повторный",2016-06-17 18:30:00
20,Считыватель КПК D2.03 (вых) ESMI,2016-06-17 19:11:30
20,Ввод_назначений УЗИ,2016-06-17 19:36:00
21,КПП-2.04 Выход через турн.3,2016-06-20 09:06:31
21,Считыватель КПК D1.41,2016-06-20 09:07:54
21,Считыватель КПК D1.10,2016-06-20 09:08:00
21,Считыватель КПК D3.13 (вх в БЮ),2016-06-20 09:30:58
21,Считыватель КПК D3.13 (вых в стационар),2016-06-20 09:34:11
21,Считыватель КПК D7.06,2016-06-20 09:36:09
21,Считыватель КПК D7.06,2016-06-20 14:17:43
22,КПП-2.01 Вход через турн.2(1),2016-06-21 10:49:55
22,Считыватель КПК D1.41,2016-06-21 10:51:36
22,Считыватель КПК D1.41,2016-06-21 11:25:43
22,Считыватель КПК D3.13 (вх в БЮ),2016-06-21 14:45:22
22,Считыватель КПК D3.13 (вых в стационар),2016-06-21 14:46:19
23,КПП-2.01 Вход через турн.1,2016-06-23 11:25:42
23,Считыватель КПК D7.06,2016-06-23 11:29:26
23,Считыватель КПК D7.06,2016-06-23 11:46:49
23,Ввод_назначений УЗИ,2016-06-23 14:18:00
24,КПП-2.01 Вход через турн.2(1),2016-06-24 11:22:06
24,Считыватель КПК D7.06,2016-06-24 11:25:49
24,Считыватель КПК D2.03 (вых) ESMI,2016-06-24 15:56:25
24,"Прием_осмотр,_консультация_врача-кардиолога_первичный",2016-06-24 16:10:00
24,Считыватель КПК D2.03 (вых) ESMI,2016-06-24 16:15:52
24,Считыватель КПК D2.03 (вх) ESMI,2016-06-24 16:20:37
24,Считыватель КПК D2.03 (вых) ESMI,2016-06-24 16:40:19
24,Считыватель КПК D5.08,2016-06-24 16:47:14
24,Считыватель КПК D5.02,2016-06-24 16:47:24
24,Считыватель КПК D3.03 (вых) ESMI,2016-06-24 16:52:49
24,Считыватель КПК D3.03 (вх) ESMI,2016-06-24 16:55:11
24,Считыватель КПК D3.03 (вых) ESMI,2016-06-24 17:03:04
24,Считыватель КПК D5.02,2016-06-24 17:04:55
24,Считыватель КПК D3.03 (вх) ESMI,2016-06-24 17:09:22
24,Считыватель КПК D2.03 (вх) ESMI,2016-06-24 17:12:29
24,Ввод_назначений Консультация,2016-06-24 17:29:00
24,"Прием_осмотр,_консультация_врача-кардиолога_первичный",2016-06-24 17:30:00
24,"Прием_осмотр,_консультация_врача-кардиолога_повторный",2016-06-24 18:30:00
24,Считыватель КПК D2.03 (вых) ESMI,2016-06-24 18:51:59
25,КПП-2.01 Вход через турн.1,2016-06-27 11:16:49
25,Считыватель КПК D1.41,2016-06-27 11:17:53
25,Ввод_назначений Консультация,2016-06-27 14:56:00
25,Считыватель КПК D7.06,2016-06-27 16:20:31
26,КПП-2.01 Вход через турн.2(1),2016-06-28 10:57:30
27,КПП-2.01 Вход через турн.2(1),2016-06-29 11:36:40
27,Считыватель КПК D1.41,2016-06-29 11:37:48
27,Считыватель КПК D7.06,2016-06-29 11:45:41
28,Считыватель КПК D1.10,2016-06-30 10:03:15
28,Считыватель КПК D1.41,2016-06-30 11:09:01
28,Считыватель КПК D1.10,2016-06-30 11:09:06
28,Считыватель КПК D1.41,2016-06-30 11:22:57
28,Считыватель КПК D1.10,2016-06-30 11:23:01
28,Считыватель КПК D1.41,2016-06-30 11:50:58
28,Считыватель КПК D1.10,2016-06-30 11:51:02
28,Считыватель КПК D3.03 (вх) ESMI,2016-06-30 15:51:30
29,КПП-2.01 Вход через турн.1,2016-07-01 10:50:42
29,КПП-2.01 Вход через турн.1,2016-07-01 10:50:44
29,Считыватель КПК D1.41,2016-07-01 10:51:54
29,Считыватель КПК D1.10,2016-07-01 10:51:59
29,Считыватель КПК D2.03 (вх) ESMI,2016-07-01 16:13:02
29,"Прием_осмотр,_консультация_врача-кардиолога_первичный",2016-07-01 17:30:00
29,"Прием_осмотр,_консультация_врача-кардиолога_первичный",2016-07-01 18:30:00
29,"Прием_осмотр,_консультация_врача-кардиолога_повторный",2016-07-01 19:00:00
29,Считыватель КПК D2.03 (вых) ESMI,2016-07-01 19:19:03
29,Считыватель КПК D2.10,2016-07-01 19:28:23
29,Считыватель КПК D2.03 (вх) ESMI,2016-07-01 19:28:49
29,Считыватель КПК D2.03 (вых) ESMI,2016-07-01 20:27:57
30,КПП-2.01 Вход через турн.2(1),2016-07-04 10:50:14
30,Считыватель КПК D1.41,2016-07-04 10:51:14
30,Считыватель КПК D7.06,2016-07-04 12:06:15
30,Считыватель КПК D3.13 (вх в БЮ),2016-07-04 14:20:38
30,Считыватель КПК D3.13 (вых в стационар),2016-07-04 14:21:40
30,Считыватель КПК D7.06,2016-07-04 14:25:38
30,Считыватель КПК D7.06,2016-07-04 17:15:52
31,Считыватель КПК D1.10,2016-07-05 09:12:50
31,Ввод_назначений Лаборатория,2016-07-05 09:21:00
31,Считыватель КПК D1.41,2016-07-05 09:33:49
31,Считыватель КПК D1.10,2016-07-05 09:33:54
31,Считыватель КПК D3.03 (вх) ESMI,2016-07-05 09:55:14
31,Считыватель КПК D1.41,2016-07-05 10:09:58
31,Считыватель КПК D1.10,2016-07-05 10:10:03
32,КПП-2.01 Вход через турн.2(1),2016-07-06 11:49:49
33,КПП-2.01 Вход через турн.1,2016-07-07 11:05:50
33,Считыватель КПК D1.41,2016-07-07 11:07:43
33,Ввод_назначений Консультация,2016-07-07 14:32:00
33,Считыватель КПК D2.03 (вх) ESMI,2016-07-07 16:52:57
33,Считыватель КПК D2.03 (вых) ESMI,2016-07-07 16:53:59
34,КПП-2.01 Вход через турн.2(1),2016-07-08 10:28:59
34,Считыватель КПК D1.41,2016-07-08 10:30:34
34,Считыватель КПК D3.13 (вх в БЮ),2016-07-08 11:24:34
34,Считыватель КПК D3.13 (вых в стационар),2016-07-08 11:25:36
34,Считыватель КПК D1.41,2016-07-08 11:28:54
34,Считыватель КПК D1.10,2016-07-08 11:28:59
34,"Прием_осмотр,_консультация_врача-кардиолога_первичный",2016-07-08 12:39:00
34,Считыватель КПК D2.03 (вых) ESMI,2016-07-08 14:27:15
34,Считыватель КПК D3.13 (вх в БЮ),2016-07-08 14:34:58
34,Считыватель КПК D3.13 (вых в стационар),2016-07-08 14:36:11
34,Считыватель КПК D2.03 (вх) ESMI,2016-07-08 15:29:04
34,"Прием_осмотр,_консультация_врача-кардиолога_первичный",2016-07-08 16:30:00
34,"Прием_осмотр,_консультация_врача-кардиолога_первичный",2016-07-08 17:30:00
34,"Прием_осмотр,_консультация_врача-кардиолога_первичный",2016-07-08 18:30:00
34,Считыватель КПК D2.03 (вых) ESMI,2016-07-08 19:06:08
35,КПП-2.01 Вход через турн.2(1),2016-07-11 10:00:22
35,Считыватель КПК D1.41,2016-07-11 10:01:29
35,Считыватель КПК D1.10,2016-07-11 10:01:34
36,КПП-2.01 Вход через турн.2(1),2016-07-12 12:50:24
36,Считыватель КПК D1.41,2016-07-12 12:54:24
36,Считыватель КПК D1.10,2016-07-12 12:54:30
37,КПП-2.04 Выход через турн.3,2016-07-13 10:51:54
37,Считыватель КПК D1.41,2016-07-13 10:52:58
37,Считыватель КПК D1.10,2016-07-13 10:53:03
37,Считыватель КПК D1.41,2016-07-13 12:24:30
37,Считыватель КПК D1.10,2016-07-13 12:24:35
37,Ввод_назначений Консультация,2016-07-13 16:27:00
38,КПП-2.04 Выход через турн.3,2016-07-14 11:18:47
38,Считыватель КПК D1.41,2016-07-14 11:19:51
38,Считыватель КПК D3.13 (вх в БЮ),2016-07-14 14:22:35
38,Считыватель КПК D3.13 (вых в стационар),2016-07-14 14:27:28
39,КПП-2.04 Выход через турн.3,2016-07-15 10:01:52
39,Считыватель КПК D1.10,2016-07-15 10:04:54
39,Считыватель КПК D3.12 ESMI,2016-07-15 10:35:16
39,Считыватель КПК D3.18 ESMI,2016-07-15 10:36:56
39,Считыватель ЛРК2 D1.19.11,2016-07-15 11:48:59
39,Считыватель КПК D1.41,2016-07-15 12:24:27
39,Считыватель КПК D2.03 (вх) ESMI,2016-07-15 15:18:31
39,Ввод_назначений Консультация,2016-07-15 15:37:00
39,"Прием_осмотр,_консультация_врача-кардиолога_повторный",2016-07-15 15:38:00
39,"Прием_осмотр,_консультация_врача-кардиолога_первичный",2016-07-15 17:30:00
39,"Прием_осмотр,_консультация_врача-кардиолога_первичный",2016-07-15 18:30:00
39,Считыватель КПК D2.03 (вых) ESMI,2016-07-15 20:25:45
40,КПП-2.01 Вход через турн.2(1),2016-07-18 11:36:06
41,КПП-2.01 Вход через турн.1,2016-07-19 14:30:38
41,Считыватель КПК D1.41,2016-07-19 14:31:38
41,Считыватель КПК D1.10,2016-07-19 14:31:42
42,КПП-2.01 Вход через турн.2(1),2016-07-29 13:17:31
42,Считыватель КПК D1.41,2016-07-29 13:18:40
43,КПП-2.04 Выход через турн.3,2016-08-01 11:24:57
43,Считыватель КПК D1.41,2016-08-01 11:26:00
43,Считыватель КПК D1.10,2016-08-01 11:26:05
44,КПП-2.01 Вход через турн.2(1),2016-08-03 10:07:25
44,Считыватель КПК D1.10,2016-08-03 10:08:39
44,Ввод_назначений Консультация,2016-08-03 10:33:00
44,КПП-2.01 Вход через турн.2(1),2016-08-03 13:29:38
44,Считыватель КПК D1.41,2016-08-03 13:30:48
45,КПП-2.04 Выход через турн.3,2016-08-05 14:07:24
45,Считыватель КПК D1.41,2016-08-05 14:08:32
45,Считыватель КПК D1.10,2016-08-05 14:08:38
45,Считыватель КПК D2.04 (вх в БС),2016-08-05 16:07:48
45,Считыватель КПК D2.03 (вх) ESMI,2016-08-05 17:02:52
45,Считыватель КПК D2.03 (вых) ESMI,2016-08-05 17:05:01
45,"Прием_осмотр,_консультация_врача-кардиолога_первичный",2016-08-05 18:30:00
46,КПП-2.01 Вход через турн.2(1),2016-08-08 11:34:31
46,Считыватель КПК D1.41,2016-08-08 11:35:41
46,Считыватель КПК D1.10,2016-08-08 11:35:46
47,КПП-2.01 Вход через турн.1,2016-08-09 10:04:18
47,Считыватель КПК D1.10,2016-08-09 10:05:38
47,Считыватель КПК D2.03 (вх) ESMI,2016-08-09 11:06:58
47,Считыватель КПК D2.03 (вых) ESMI,2016-08-09 11:28:36
47,Считыватель КПК D2.03 (вх) ESMI,2016-08-09 14:58:54
47,Считыватель КПК D2.03 (вх) ESMI,2016-08-09 14:58:58
47,Считыватель КПК D2.03 (вых) ESMI,2016-08-09 15:00:43
47,Считыватель КПК D2.03 (вых) ESMI,2016-08-09 15:00:46
47,Считыватель КПК D2.03 (вых) ESMI,2016-08-09 15:00:51
48,КПП-2.04 Выход через турн.3,2016-08-11 10:41:03
48,Считыватель КПК D1.41,2016-08-11 10:42:05
48,Считыватель КПК D1.10,2016-08-11 10:42:10
48,Считыватель КПК D3.13 (вх в БЮ),2016-08-11 14:09:45
48,Считыватель КПК D3.13 (вых в стационар),2016-08-11 14:10:53
49,КПП-2.04 Выход через турн.3,2016-08-12 13:42:08
49,Считыватель КПК D1.10,2016-08-12 13:43:11
49,Считыватель КПК D7.06,2016-08-12 13:58:51
49,Считыватель КПК D7.06,2016-08-12 14:54:46
49,Считыватель КПК D2.03 (вх) ESMI,2016-08-12 15:30:40
49,"Прием_осмотр,_консультация_врача-кардиолога_первичный",2016-08-12 16:30:00
49,"Прием_осмотр,_консультация_врача-кардиолога_первичный",2016-08-12 17:30:00
49,"Прием_осмотр,_консультация_врача-кардиолога_первичный",2016-08-12 18:30:00
49,Считыватель КПК D2.03 (вых) ESMI,2016-08-12 18:38:26
49,Считыватель КПК D2.03 (вх) ESMI,2016-08-12 18:38:48
50,КПП-2.04 Выход через турн.3,2016-08-15 08:16:08
50,Считыватель КПК D1.41,2016-08-15 08:17:13
50,Считыватель КПК D1.10,2016-08-15 08:17:19
50,Выписка_из_стационара,2016-08-15 08:58:00
50,Курация_пациента_лечащим_врачом,2016-08-15 09:14:00
50,КСГ 291110 - Сердечная_недостаточность_застойного_характера,2016-08-15 10:00:00
50,Ввод_назначений Исследования_сердечно-сосудистой_системы,2016-08-15 11:05:00
50,Ввод_назначений Исследования_сердечно-сосудистой_системы,2016-08-15 11:06:00
50,Ввод_назначений Исследования_сердечно-сосудистой_системы,2016-08-15 11:07:00
50,Выписка_из_стационара,2016-08-15 11:17:00
50,"Ввод_назначений Лаборатория, Исследования_сердечно-сосудистой_системы",2016-08-15 11:52:00
50,"Ввод_назначений Лаборатория, Исследования_сердечно-сосудистой_системы",2016-08-15 11:55:00
50,"Ввод_назначений Исследования_сердечно-сосудистой_системы, Лаборатория",2016-08-15 12:34:00
50,Ввод_назначений Консультация,2016-08-15 13:16:00
50,Считыватель КПК D6.08,2016-08-15 14:37:27
50,Курация_пациента_лечащим_врачом,2016-08-15 17:36:00
50,Ввод_назначений Лаборатория,2016-08-15 18:47:00
50,Курация_пациента_лечащим_врачом,2016-08-15 18:57:00
50,Курация_пациента_лечащим_врачом,2016-08-15 19:46:00
50,Курация_пациента_лечащим_врачом,2016-08-15 20:19:00
50,Курация_пациента_лечащим_врачом,2016-08-15 20:32:00
50,Выписка_из_стационара,2016-08-15 20:42:00
50,Выписка_из_стационара,2016-08-15 20:49:00
50,Выписка_из_стационара,2016-08-15 20:52:00
51,КПП-2.04 Выход через турн.3,2016-08-16 07:38:09
51,Считыватель КПК D1.10,2016-08-16 07:39:09
51,Курация_пациента_лечащим_врачом,2016-08-16 07:47:00
51,Ввод_назначений Исследования_сердечно-сосудистой_системы,2016-08-16 08:52:00
51,"Ввод_назначений Лаборатория, Исследования_сердечно-сосудистой_системы, УЗИ",2016-08-16 10:18:00
51,Выписка_из_стационара,2016-08-16 10:59:00
51,МЭС 291400 - КАРД Плановое обследование пациентов с ИБС с использованием коронарографии или коронаровентрикулографии,2016-08-16 12:00:00
51,Курация_пациента_лечащим_врачом,2016-08-16 12:52:00
51,Курация_пациента_лечащим_врачом,2016-08-16 12:54:00
51,Курация_пациента_лечащим_врачом,2016-08-16 12:56:00
51,Курация_пациента_лечащим_врачом,2016-08-16 13:00:00
51,Ввод_назначений ФГДС,2016-08-16 13:13:00
51,Считыватель КПК D7.06,2016-08-16 14:13:11
51,Курация_пациента_лечащим_врачом,2016-08-16 14:18:00
51,Курация_пациента_лечащим_врачом,2016-08-16 15:02:00
51,Курация_пациента_лечащим_врачом,2016-08-16 15:02:00
51,Курация_пациента_лечащим_врачом,2016-08-16 15:08:00
51,Ввод_назначений Исследования_сердечно-сосудистой_системы,2016-08-16 15:21:00
51,Считыватель КПК D6.08,2016-08-16 16:18:05
51,Считыватель КПК D7.06,2016-08-16 16:31:56
51,Ввод_назначений Лаборатория,2016-08-16 18:01:00
51,Курация_пациента_лечащим_врачом,2016-08-16 18:08:00
51,Курация_пациента_лечащим_врачом,2016-08-16 18:27:00
51,Курация_пациента_лечащим_врачом,2016-08-16 18:43:00
51,Курация_пациента_лечащим_врачом,2016-08-16 19:04:00
51,Курация_пациента_лечащим_врачом,2016-08-16 19:30:00
51,Курация_пациента_лечащим_врачом,2016-08-16 20:18:00
51,Курация_пациента_лечащим_врачом,2016-08-16 20:53:00
52,КПП-2.04 Выход через турн.3,2016-08-17 08:01:16
52,Считыватель КПК D1.10,2016-08-17 08:02:17
52,Курация_пациента_лечащим_врачом,2016-08-17 09:34:00
52,КСГ 421160 - Тромбофлебит_глубоких_вен,2016-08-17 10:00:00
52,"Ввод_назначений Лаборатория, Исследования_сердечно-сосудистой_системы",2016-08-17 10:38:00
52,Выписка_из_стационара,2016-08-17 11:21:00
52,Курация_пациента_лечащим_врачом,2016-08-17 11:21:00
52,Ввод_назначений Исследования_сердечно-сосудистой_системы,2016-08-17 11:37:00
52,Выписка_из_стационара,2016-08-17 11:40:00
52,Считыватель КПК D6.08,2016-08-17 12:09:04
52,Считыватель КПК D5.08,2016-08-17 13:03:58
52,Считыватель КПК D5.06 (вх в 1А),2016-08-17 13:04:08
52,"Ввод_назначений Лаборатория, Исследования_сердечно-сосудистой_системы, ФГДС",2016-08-17 14:20:00
52,Курация_пациента_лечащим_врачом,2016-08-17 17:38:00
52,Ввод_назначений Лаборатория,2016-08-17 18:12:00
52,Курация_пациента_лечащим_врачом,2016-08-17 18:29:00
52,Ввод_назначений Лаборатория,2016-08-17 18:53:00
52,Курация_пациента_лечащим_врачом,2016-08-17 18:57:00
52,Курация_пациента_лечащим_врачом,2016-08-17 19:17:00
52,Ввод_назначений Лаборатория,2016-08-17 19:35:00
52,Курация_пациента_лечащим_врачом,2016-08-17 19:37:00
52,Курация_пациента_лечащим_врачом,2016-08-17 19:52:00
52,Ввод_назначений Исследования_сердечно-сосудистой_системы,2016-08-17 20:09:00
52,Курация_пациента_лечащим_врачом,2016-08-17 20:09:00
52,Курация_пациента_лечащим_врачом,2016-08-17 20:17:00
52,Выписка_из_стационара,2016-08-17 20:35:00
52,"Ввод_назначений Лаборатория, УЗИ, Лучевая_диагностика",2016-08-17 21:00:00
52,Ввод_назначений Лаборатория,2016-08-17 21:06:00
52,Курация_пациента_лечащим_врачом,2016-08-17 21:12:00
52,Ввод_назначений УЗИ,2016-08-17 21:28:00
52,Курация_пациента_лечащим_врачом,2016-08-17 21:29:00
52,Курация_пациента_лечащим_врачом,2016-08-17 22:26:00
52,Выписка_из_стационара,2016-08-17 22:33:00
52,Выписка_из_стационара,2016-08-17 22:34:00
53,КПП-2.04 Выход через турн.3,2016-08-18 07:35:29
53,Считыватель КПК D1.41,2016-08-18 07:36:26
53,Считыватель КПК D1.10,2016-08-18 07:36:30
53,Считыватель КПК D7.05,2016-08-18 07:38:09
53,Считыватель КПК D5.08,2016-08-18 08:05:15
53,Считыватель КПК D5.06 (вх в 1А),2016-08-18 08:05:27
53,Считыватель КПК D5.06 (вх в стационар),2016-08-18 08:21:51
53,Считыватель КПК D7.06,2016-08-18 08:22:23
53,Курация_пациента_лечащим_врачом,2016-08-18 08:27:00
53,Ввод_назначений УЗИ,2016-08-18 08:30:00
53,Считыватель КПК D5.08,2016-08-18 08:31:02
53,Считыватель КПК D5.06 (вх в 1А),2016-08-18 08:31:11
53,Считыватель КПК D5.06 (вх в стационар),2016-08-18 08:39:49
53,Считыватель КПК D5.06 (вх в 1А),2016-08-18 08:41:04
53,Считыватель КПК D7.06,2016-08-18 08:41:34
53,Курация_пациента_лечащим_врачом,2016-08-18 08:46:00
53,Курация_пациента_лечащим_врачом,2016-08-18 08:59:00
53,Считыватель КПК D5.08,2016-08-18 09:03:58
53,Считыватель КПК D5.06 (вх в 1А),2016-08-18 09:04:08
53,Считыватель КПК D5.06 (вх в стационар),2016-08-18 09:05:16
53,Считыватель КПК D7.06,2016-08-18 09:05:45
53,Считыватель КПК D5.08,2016-08-18 09:09:54
53,Считыватель КПК D5.06 (вх в 1А),2016-08-18 09:10:03
53,Считыватель КПК D5.06 (вх в стационар),2016-08-18 09:50:02
53,Считыватель КПК D7.06,2016-08-18 09:50:38
53,МЭС 291400 - КАРД Плановое обследование пациентов с ИБС с использованием коронарографии или коронаровентрикулографии,2016-08-18 10:00:00
53,"Ввод_назначений Лаборатория, Исследования_сердечно-сосудистой_системы",2016-08-18 11:42:00
53,Считыватель КПК D3.12 ESMI,2016-08-18 12:46:47
53,Выписка_из_стационара,2016-08-18 13:27:00
53,Считыватель КПК D5.06 (вх в 1А),2016-08-18 14:36:29
53,Считыватель КПК D5.06 (вх в стационар),2016-08-18 14:39:24
53,Считыватель КПК D7.06,2016-08-18 14:40:09
53,Ввод_назначений Консультация,2016-08-18 15:16:00
53,Ввод_назначений ФГДС,2016-08-18 17:00:00
53,Ввод_назначений ФГДС,2016-08-18 17:05:00
53,Курация_пациента_лечащим_врачом,2016-08-18 17:17:00
53,Курация_пациента_лечащим_врачом,2016-08-18 17:48:00
53,Курация_пациента_лечащим_врачом,2016-08-18 18:35:00
53,Ввод_назначений Лаборатория,2016-08-18 18:51:00
53,Курация_пациента_лечащим_врачом,2016-08-18 18:52:00
53,Курация_пациента_лечащим_врачом,2016-08-18 19:12:00
53,Считыватель КПК D6.08,2016-08-18 19:19:33
53,Считыватель КПК D7.06,2016-08-18 20:05:53
53,Курация_пациента_лечащим_врачом,2016-08-18 20:30:00
53,Ввод_назначений Лаборатория,2016-08-18 20:49:00
53,Курация_пациента_лечащим_врачом,2016-08-18 20:50:00
53,Курация_пациента_лечащим_врачом,2016-08-18 21:15:00
53,Курация_пациента_лечащим_врачом,2016-08-18 21:19:00
53,Ввод_назначений УЗИ,2016-08-18 22:21:00
54,КПП-2.04 Выход через турн.3,2016-08-19 08:15:58
54,Ввод_назначений Исследования_сердечно-сосудистой_системы,2016-08-19 09:09:00
54,Выписка_из_стационара,2016-08-19 09:18:00
54,Считыватель КПК D5.08,2016-08-19 09:27:02
54,Считыватель КПК D7.06,2016-08-19 09:31:59
54,Просмотр_результатов,2016-08-19 10:29:00
54,Ввод_назначений Исследования_сердечно-сосудистой_системы,2016-08-19 10:58:00
54,Ввод_назначений Исследования_сердечно-сосудистой_системы,2016-08-19 11:19:00
54,Курация_пациента_лечащим_врачом,2016-08-19 11:51:00
54,"Ввод_назначений УЗИ, Консультация",2016-08-19 11:53:00
54,"Ввод_назначений Лаборатория, Исследования_сердечно-сосудистой_системы",2016-08-19 12:28:00
54,Считыватель КПК D6.08,2016-08-19 12:50:00
54,Считыватель КПК D7.06,2016-08-19 12:52:54
54,Выписка_из_стационара,2016-08-19 12:54:00
54,Считыватель КПК D7.06,2016-08-19 13:11:28
54,Выписка_из_стационара,2016-08-19 13:54:00
54,Ввод_назначений Лучевая_диагностика,2016-08-19 14:54:00
54,Ввод_назначений ФГДС,2016-08-19 15:11:00
54,Курация_пациента_лечащим_врачом,2016-08-19 15:20:00
54,Курация_пациента_лечащим_врачом,2016-08-19 15:44:00
54,Ввод_назначений Лаборатория,2016-08-19 16:28:00
54,Курация_пациента_лечащим_врачом,2016-08-19 18:29:00
54,Курация_пациента_лечащим_врачом,2016-08-19 19:04:00
54,Ввод_назначений Лаборатория,2016-08-19 19:48:00
54,Ввод_назначений Лаборатория,2016-08-19 20:05:00
54,"Ввод_назначений Исследования_сердечно-сосудистой_системы, Лаборатория",2016-08-19 20:08:00
54,Курация_пациента_лечащим_врачом,2016-08-19 20:28:00
54,Курация_пациента_лечащим_врачом,2016-08-19 20:45:00
54,"Ввод_назначений Исследования_сердечно-сосудистой_системы, Лаборатория",2016-08-19 21:03:00
54,Курация_пациента_лечащим_врачом,2016-08-19 21:03:00
54,Ввод_назначений Лаборатория,2016-08-19 21:19:00
54,Курация_пациента_лечащим_врачом,2016-08-19 21:22:00
54,Курация_пациента_лечащим_врачом,2016-08-19 21:40:00
54,Курация_пациента_лечащим_врачом,2016-08-19 22:16:00
54,Курация_пациента_лечащим_врачом,2016-08-19 22:35:00
54,Выписка_из_стационара,2016-08-19 23:28:00
54,Выписка_из_стационара,2016-08-19 23:29:00
55,КПП-2.04 Выход через турн.3,2016-08-20 17:46:27
55,Считыватель КПК D1.41,2016-08-20 17:53:05
55,Считыватель КПК D1.10,2016-08-20 17:53:11
55,Просмотр_результатов,2016-08-20 18:10:00
55,Просмотр_результатов,2016-08-20 18:10:00
55,Просмотр_результатов,2016-08-20 18:10:00
55,Просмотр_результатов,2016-08-20 18:11:00
55,Просмотр_результатов,2016-08-20 18:11:00
55,Просмотр_результатов,2016-08-20 18:11:00
55,Просмотр_результатов,2016-08-20 18:12:00
55,Просмотр_результатов,2016-08-20 18:12:00
55,Просмотр_результатов,2016-08-20 18:13:00
55,Просмотр_результатов,2016-08-20 18:13:00
55,Просмотр_результатов,2016-08-20 18:13:00
55,Просмотр_результатов,2016-08-20 18:13:00
55,Просмотр_результатов,2016-08-20 18:14:00
56,КПП-2.01 Вход через турн.2(1),2016-08-22 08:16:53
56,Ввод_назначений Лаборатория,2016-08-22 08:33:00
56,Считыватель КПК D3.03 (вх) ESMI,2016-08-22 08:51:51
56,Считыватель КПК D1.41,2016-08-22 08:56:47
56,Считыватель КПК D1.10,2016-08-22 08:56:51
56,Ввод_назначений Исследования_сердечно-сосудистой_системы,2016-08-22 10:58:00
56,Ввод_назначений Лучевая_диагностика,2016-08-22 11:01:00
56,"Ввод_назначений Исследования_сердечно-сосудистой_системы, Лаборатория",2016-08-22 11:08:00
56,Ввод_назначений Исследования_сердечно-сосудистой_системы,2016-08-22 11:13:00
56,"Ввод_назначений Исследования_сердечно-сосудистой_системы, Лаборатория",2016-08-22 11:27:00
56,Ввод_назначений Лаборатория,2016-08-22 11:39:00
56,Выписка_из_стационара,2016-08-22 12:20:00
56,Курация_пациента_лечащим_врачом,2016-08-22 12:20:00
56,Курация_пациента_лечащим_врачом,2016-08-22 12:50:00
56,Считыватель КПК D2.03 (вх) ESMI,2016-08-22 13:56:19
56,Ввод_назначений Консультация,2016-08-22 14:08:00
56,"Прием_осмотр,_консультация_врача-кардиолога_повторный",2016-08-22 14:29:00
56,Ввод_назначений Консультация,2016-08-22 14:35:00
56,"Прием_осмотр,_консультация_врача-кардиолога_первичный",2016-08-22 14:35:00
56,Считыватель КПК D6.08,2016-08-22 16:58:45
56,Ввод_назначений Консультация,2016-08-22 17:07:00
56,Курация_пациента_лечащим_врачом,2016-08-22 17:18:00
56,Курация_пациента_лечащим_врачом,2016-08-22 17:49:00
56,Курация_пациента_лечащим_врачом,2016-08-22 19:10:00
56,Курация_пациента_лечащим_врачом,2016-08-22 19:45:00
56,Курация_пациента_лечащим_врачом,2016-08-22 19:57:00
56,Курация_пациента_лечащим_врачом,2016-08-22 20:32:00
56,Ввод_назначений Лаборатория,2016-08-22 20:48:00
56,Курация_пациента_лечащим_врачом,2016-08-22 20:49:00
56,Курация_пациента_лечащим_врачом,2016-08-22 21:14:00
56,Курация_пациента_лечащим_врачом,2016-08-22 21:43:00
56,Курация_пациента_лечащим_врачом,2016-08-22 21:54:00
56,Курация_пациента_лечащим_врачом,2016-08-22 22:10:00
56,Считыватель КПК D2.09 (вх в 1А),2016-08-22 22:30:41
56,Считыватель КПК D2.09 (вх в 1А),2016-08-22 22:30:45
57,КПП-2.04 Выход через турн.3,2016-08-23 08:14:56
57,Считыватель КПК D1.10,2016-08-23 08:16:07
57,Считыватель КПК D7.06,2016-08-23 09:43:57
57,Ввод_назначений Лучевая_диагностика,2016-08-23 10:48:00
57,Считыватель КПК D1.41,2016-08-23 11:02:09
57,Считыватель КПК D1.10,2016-08-23 11:02:13
57,Курация_пациента_лечащим_врачом,2016-08-23 12:02:00
57,Считыватель КПК D2.03 (вх) ESMI,2016-08-23 12:45:08
57,Считыватель КПК D2.03 (вх) ESMI,2016-08-23 13:09:37
57,Считыватель КПК D2.03 (вых) ESMI,2016-08-23 13:09:37
57,Считыватель КПК D7.06,2016-08-23 13:12:17
57,Выписка_из_стационара,2016-08-23 13:14:00
57,Выписка_из_стационара,2016-08-23 14:48:00
57,Курация_пациента_лечащим_врачом,2016-08-23 16:53:00
57,Курация_пациента_лечащим_врачом,2016-08-23 18:08:00
58,Считыватель ЛРК2 D1.19.11,2016-08-24 16:55:53
58,Считыватель КПК D2.03 (вх) ESMI,2016-08-24 18:07:12
59,КПП-2.04 Выход через турн.3,2016-08-26 11:59:36
59,Считыватель КПК D1.41,2016-08-26 12:00:41
59,Считыватель КПК D1.10,2016-08-26 12:00:45
59,Считыватель КПК D2.03 (вых) ESMI,2016-08-26 13:07:49
59,"Прием_осмотр,_консультация_врача-кардиолога_первичный",2016-08-26 17:30:00
59,Ввод_назначений Консультация,2016-08-26 19:02:00
59,Ангиологический_скрининг_с_автоматическим_измерением_систолического_артериального_давления_и_расчетом_плече-лодыжечного_индекса,2016-08-26 19:03:00
60,КПП-2.04 Выход через турн.3,2016-08-29 09:49:06
60,Считыватель КПК D1.41,2016-08-29 09:50:07
60,Считыватель КПК D1.10,2016-08-29 09:50:12
60,Считыватель КПК D2.03 (вх) ESMI,2016-08-29 10:05:03
60,Считыватель КПК D2.03 (вых) ESMI,2016-08-29 10:05:03
60,"Ввод_назначений Лаборатория, Лучевая_диагностика",2016-08-29 10:08:00
60,Считыватель КПК D1.41,2016-08-29 10:17:55
60,Считыватель КПК D1.10,2016-08-29 10:17:59
60,Считыватель КПК D3.13 (вых в стационар),2016-08-29 11:07:42
60,КПП-2.04 Выход через турн.3,2016-08-29 13:18:45
60,Считыватель КПК D1.41,2016-08-29 13:20:22
60,Считыватель КПК D1.10,2016-08-29 13:20:27
60,ЛРК2 Турникет 4 Вых,2016-08-29 13:36:43
60,ЛРК2 Турникет 1 Вх,2016-08-29 14:04:04
60,КПП-2.04 Выход через турн.3,2016-08-30 09:23:18
60,Считыватель КПК D1.41,2016-08-30 09:24:27
60,Считыватель КПК D1.10,2016-08-30 09:24:33
60,Считыватель КПК D3.13 (вх в БЮ),2016-08-30 09:27:29
60,Считыватель КПК D3.13 (вых в стационар),2016-08-30 09:28:12
60,Считыватель КПК D3.13 (вх в БЮ),2016-08-30 09:42:34
60,Считыватель КПК D3.13 (вых в стационар),2016-08-30 09:47:02
60,Считыватель КПК D7.06,2016-08-30 09:48:57
61,КПП-2.04 Выход через турн.3,2016-08-31 12:00:34
61,Считыватель КПК D3.13 (вх в БЮ),2016-08-31 12:02:34
61,Считыватель КПК D3.13 (вых в стационар),2016-08-31 12:04:18
62,Ввод_назначений Лаборатория,2016-09-01 11:03:00
62,Прием_пациента_по_клиническому_исследованию,2016-09-01 11:40:00
62,КПП-2.01 Вход через турн.1,2016-09-01 16:18:02
62,Считыватель КПК D1.41,2016-09-01 16:19:01
62,Считыватель КПК D1.10,2016-09-01 16:19:05
62,Считыватель КПК D1.01,2016-09-01 18:20:58
63,КПП-2.04 Выход через турн.3,2016-09-02 10:00:17
63,КПП-2.04 Выход через турн.3,2016-09-02 10:00:19
63,"Ввод_назначений Лаборатория, Лучевая_диагностика",2016-09-02 10:13:00
63,Считыватель КПК D1.41,2016-09-02 10:22:08
63,Считыватель КПК D2.03 (вх) ESMI,2016-09-02 10:55:01
63,Ангиологический_скрининг_с_автоматическим_измерением_систолического_артериального_давления_и_расчетом_плече-лодыжечного_индекса,2016-09-02 12:00:00
63,Считыватель КПК D2.03 (вх) ESMI,2016-09-02 12:18:22
63,Считыватель КПК D2.03 (вых) ESMI,2016-09-02 12:18:22
63,Считыватель КПК D7.06,2016-09-02 12:19:39
63,Считыватель КПК D3.10,2016-09-02 12:27:15
63,ЛРК2 Турникет 4 Вых,2016-09-02 12:29:30
63,Закрытие_эпизода,2016-09-02 16:10:00
63,Закрытие_эпизода,2016-09-02 17:15:00
63,Закрытие_эпизода,2016-09-02 18:27:00
64,КПП-2.04 Выход через турн.3,2016-09-05 10:53:38
64,Считыватель КПК D1.41,2016-09-05 10:55:00
64,Считыватель КПК D1.41,2016-09-05 11:21:40
64,Считыватель КПК D3.13 (вых в стационар),2016-09-05 12:06:38
64,Считыватель КПК D6.06,2016-09-05 12:53:52
64,Считыватель КПК D7.06,2016-09-05 14:04:57
64,Считыватель КПК D3.13 (вх в БЮ),2016-09-05 15:18:56
64,Считыватель КПК D3.13 (вых в стационар),2016-09-05 15:19:45
64,Считыватель КПК D6.06,2016-09-05 15:45:47
64,Считыватель КПК D1.09,2016-09-05 15:48:06
65,КПП-2.04 Выход через турн.3,2016-09-08 10:04:12
65,Считыватель КПК D1.41,2016-09-08 10:05:17
65,Считыватель КПК D1.10,2016-09-08 10:05:21
65,Считыватель КПК D2.03 (вх) ESMI,2016-09-08 10:12:48
65,Считыватель КПК D2.03 (вых) ESMI,2016-09-08 11:06:50
65,Считыватель КПК D2.03 (вх) ESMI,2016-09-08 11:36:13
65,Считыватель КПК D2.03 (вых) ESMI,2016-09-08 11:55:02
65,Считыватель КПК D2.03 (вх) ESMI,2016-09-08 12:39:18
65,КПП-2.04 Выход через турн.3,2016-09-08 16:02:13
65,КПП-2.04 Выход через турн.3,2016-09-08 16:02:14
65,Считыватель КПК D1.41,2016-09-08 16:05:20
65,Ангиологический_скрининг_с_автоматическим_измерением_систолического_артериального_давления_и_расчетом_плече-лодыжечного_индекса,2016-09-08 19:00:00
65,Ангиологический_скрининг_с_автоматическим_измерением_систолического_артериального_давления_и_расчетом_плече-лодыжечного_индекса,2016-09-08 20:00:00
65,Считыватель КПК D2.03 (вых) ESMI,2016-09-08 20:13:51
66,КПП-2.04 Выход через турн.3,2016-09-09 10:04:10
66,Считыватель КПК D1.41,2016-09-09 10:05:15
66,Считыватель КПК D1.10,2016-09-09 10:05:19
66,Считыватель КПК D2.14 ESMI,2016-09-09 11:33:25
66,Считыватель КПК D1.41,2016-09-09 12:54:23
66,Считыватель КПК D2.03 (вх) ESMI,2016-09-09 15:17:08
66,"Прием_осмотр,_консультация_врача-кардиолога_первичный",2016-09-09 16:30:00
66,"Прием_осмотр,_консультация_врача-кардиолога_первичный",2016-09-09 17:30:00
66,"Прием_осмотр,_консультация_врача-кардиолога_первичный",2016-09-09 18:30:00
67,КПП-2.04 Выход через турн.3,2016-09-15 18:33:39
68,КПП-2.04 Выход через турн.3,2016-09-19 10:17:00
68,КПП-2.04 Выход через турн.3,2016-09-19 10:17:02
68,Считыватель КПК D1.41,2016-09-19 10:18:12
68,Считыватель КПК D1.10,2016-09-19 10:18:17
68,Считыватель КПК D2.03 (вх) ESMI,2016-09-19 11:03:03
68,Считыватель КПК D2.03 (вых) ESMI,2016-09-19 11:03:29
68,"Прием_осмотр,_консультация_врача-кардиолога_повторный",2016-09-19 12:08:00
68,Считыватель КПК D2.03 (вх) ESMI,2016-09-19 14:53:58
69,КПП-2.04 Выход через турн.3,2016-09-23 14:48:05
69,Считыватель КПК D1.41,2016-09-23 14:49:13
69,Считыватель КПК D1.10,2016-09-23 14:49:19
69,Считыватель КПК D2.03 (вх) ESMI,2016-09-23 15:04:12
69,Считыватель КПК D2.03 (вх) ESMI,2016-09-23 15:50:35
69,Считыватель КПК D2.03 (вых) ESMI,2016-09-23 15:50:35
69,Считыватель КПК D2.03 (вх) ESMI,2016-09-23 16:16:44
69,"Прием_осмотр,_консультация_врача-кардиолога_первичный",2016-09-23 16:28:00
69,Считыватель КПК D2.03 (вх) ESMI,2016-09-23 16:32:19
69,Считыватель КПК D2.03 (вх) ESMI,2016-09-23 17:32:41
69,Считыватель КПК D2.03 (вых) ESMI,2016-09-23 17:32:41
70,КПП-2.04 Выход через турн.3,2016-09-26 10:25:28
70,Считыватель КПК D1.41,2016-09-26 10:26:45
70,Считыватель КПК D1.10,2016-09-26 10:26:53
70,Считыватель КПК D2.03 (вх) ESMI,2016-09-26 10:57:54
70,Ввод_назначений,2016-09-26 11:01:00
70,Считыватель КПК D1.41,2016-09-26 12:20:17
70,Считыватель КПК D1.10,2016-09-26 12:20:22
70,Прием_пациента_по_научному_исследованию,2016-09-26 14:07:00
71,КПП-2.04 Выход через турн.3,2016-09-27 11:05:29
71,Считыватель КПК D1.10,2016-09-27 11:06:46
72,КПП-2.04 Выход через турн.3,2016-09-28 11:53:38
72,Считыватель КПК D1.41,2016-09-28 11:54:42
72,Считыватель КПК D1.10,2016-09-28 11:54:50
72,Считыватель КПК D7.06,2016-09-28 13:39:00
73,КПП-2.04 Выход через турн.3,2016-09-29 11:49:08
73,Считыватель КПК D1.41,2016-09-29 11:53:17
73,Считыватель КПК D2.03 (вх) ESMI,2016-09-29 12:40:50
73,Считыватель КПК D2.03 (вых) ESMI,2016-09-29 12:44:58
74,КПП-2.04 Выход через турн.3,2016-09-30 15:19:24
74,Считыватель КПК D1.41,2016-09-30 15:20:29
74,Считыватель КПК D1.10,2016-09-30 15:20:34
74,Считыватель КПК D2.03 (вх) ESMI,2016-09-30 15:32:37
74,Ангиологический_скрининг_с_автоматическим_измерением_систолического_артериального_давления_и_расчетом_плече-лодыжечного_индекса,2016-09-30 16:30:00
74,Считыватель КПК D2.03 (вых) ESMI,2016-09-30 16:46:23
74,Считыватель КПК D2.03 (вх) ESMI,2016-09-30 17:22:16
74,"Прием_осмотр,_консультация_врача-кардиолога_первичный",2016-09-30 18:30:00
74,Ввод_назначений,2016-09-30 18:32:00
74,Ввод_назначений Исследования_сердечно-сосудистой_системы,2016-09-30 18:32:00
75,КПП-2.04 Выход через турн.3,2016-10-03 09:37:01
75,Считыватель КПК D1.41,2016-10-03 09:38:08
75,Ввод_назначений Лаборатория,2016-10-03 10:03:00
75,Ввод_назначений Лаборатория,2016-10-03 10:04:00
75,Считыватель КПК D2.03 (вх) ESMI,2016-10-03 10:38:44
75,Считыватель КПК D2.03 (вых) ESMI,2016-10-03 10:40:55
75,Считыватель КПК D2.03 (вх) ESMI,2016-10-03 10:47:54
75,Считыватель КПК D2.03 (вых) ESMI,2016-10-03 11:14:21
75,Ввод_назначений Консультация,2016-10-03 12:29:00
75,Считыватель КПК D2.03 (вх) ESMI,2016-10-03 13:00:52
75,Считыватель КПК D2.03 (вых) ESMI,2016-10-03 13:16:23
75,Считыватель КПК D2.03 (вых) ESMI,2016-10-03 13:27:44
75,Считыватель КПК D1.41,2016-10-03 14:03:01
75,Лифт 4 Счит.Двери 1,2016-10-03 15:42:47
75,Лифт 3 Счит.Двери 1,2016-10-03 15:49:15
75,Считыватель ЛРК2 D1.19.11,2016-10-03 15:49:40
75,Считыватель КПК D2.03 (вых) ESMI,2016-10-03 15:56:58
75,Считыватель КПК D2.03 (вх) ESMI,2016-10-03 16:07:45
75,Считыватель КПК D2.03 (вых) ESMI,2016-10-03 16:07:45
75,Лифт 3 Счит.Двери 1,2016-10-03 16:11:44
75,Считыватель ЛРК2 D1.19.11,2016-10-03 16:13:19
76,КПП-2.04 Выход через турн.3,2016-10-04 09:49:38
76,Считыватель КПК D1.41,2016-10-04 09:50:47
76,Считыватель КПК D1.10,2016-10-04 09:50:54
76,Считыватель КПК D1.41,2016-10-04 11:02:53
76,Считыватель КПК D1.10,2016-10-04 11:02:58
76,Считыватель КПК D1.10,2016-10-04 12:10:56
77,КПП-2.04 Выход через турн.3,2016-10-05 10:21:14
77,Считыватель КПК D1.41,2016-10-05 10:22:22
77,Считыватель КПК D1.10,2016-10-05 10:22:26
77,Считыватель КПК D1.41,2016-10-05 12:27:27
77,Считыватель КПК D1.10,2016-10-05 12:27:36
77,Считыватель КПК D2.03 (вх) ESMI,2016-10-05 12:29:36
77,Считыватель КПК D2.03 (вх) ESMI,2016-10-05 12:30:19
77,Считыватель КПК D2.03 (вых) ESMI,2016-10-05 12:30:19
78,КПП-2.04 Выход через турн.3,2016-10-06 14:43:03
78,Считыватель КПК D2.03 (вх) ESMI,2016-10-06 15:03:14
78,Считыватель КПК D2.03 (вых) ESMI,2016-10-06 15:03:14
78,"Прием_осмотр,_консультация_врача-кардиолога_первичный",2016-10-06 15:41:00
78,Считыватель КПК D2.03 (вых) ESMI,2016-10-06 15:59:37
79,КПП-2.04 Выход через турн.3,2016-10-07 08:46:59
79,Считыватель КПК D1.10,2016-10-07 08:48:04
79,"Прием_осмотр,_консультация_врача-кардиолога_первичный",2016-10-07 09:03:00
79,Считыватель КПК D2.03 (вх) ESMI,2016-10-07 09:56:59
79,"Прием_осмотр,_консультация_врача-кардиолога_первичный",2016-10-07 10:17:00
79,Считыватель КПК D2.03 (вых) ESMI,2016-10-07 11:01:40
79,Ввод_назначений Консультация,2016-10-07 11:18:00
79,Считыватель КПК D2.03 (вх) ESMI,2016-10-07 12:03:19
79,Считыватель КПК D2.03 (вых) ESMI,2016-10-07 12:32:17
79,Считыватель КПК D2.14 ESMI,2016-10-07 15:12:19
79,Считыватель КПК D5.02,2016-10-07 15:15:51
79,Считыватель КПК D7.06,2016-10-07 15:18:00
79,Считыватель КПК D5.06 (вх в 1А),2016-10-07 16:20:36
79,Считыватель КПК D7.06,2016-10-07 16:24:44
79,Считыватель КПК D2.03 (вх) ESMI,2016-10-07 16:32:26
79,"Прием_осмотр,_консультация_врача-кардиолога_повторный",2016-10-07 17:30:00
79,Считыватель КПК D2.03 (вых) ESMI,2016-10-07 17:58:36
79,Считыватель КПК D2.03 (вых) ESMI,2016-10-07 19:22:57
80,КПП-2.04 Выход через турн.3,2016-10-10 11:46:46
80,Считыватель КПК D1.41,2016-10-10 11:47:54
80,Считыватель КПК D1.10,2016-10-10 11:47:59
80,Лифт 3 Счит.Двери 1,2016-10-10 12:40:20
80,Считыватель ЛРК2 D1.19.11,2016-10-10 12:42:01
80,Ввод_назначений Консультация,2016-10-10 13:39:00
80,Считыватель КПК D2.03 (вх) ESMI,2016-10-10 14:40:12
80,Лифт №2. Считыватель,2016-10-10 14:42:33
80,Считыватель ЛРК2 D1.19.11,2016-10-10 14:43:35
80,Лифт 4 Счит.Двери 1,2016-10-10 14:46:01
80,Считыватель КПК D7.06,2016-10-10 15:15:51
81,КПП-2.04 Выход через турн.3,2016-10-13 17:49:03
81,Считыватель КПК D1.41,2016-10-13 17:50:04
81,Считыватель КПК D1.10,2016-10-13 17:50:09
81,Считыватель КПК D2.03 (вх) ESMI,2016-10-13 18:01:00
81,Считыватель КПК D2.03 (вых) ESMI,2016-10-13 18:29:07
81,Считыватель КПК D7.05,2016-10-13 18:32:27
81,Считыватель КПК D2.03 (вх) ESMI,2016-10-13 18:34:09
81,Ангиологический_скрининг_с_автоматическим_измерением_систолического_артериального_давления_и_расчетом_плече-лодыжечного_индекса,2016-10-13 19:00:00
81,Считыватель КПК D2.03 (вых) ESMI,2016-10-13 19:10:22
82,КПП-2.04 Выход через турн.3,2016-10-14 15:31:55
82,Считыватель КПК D1.41,2016-10-14 15:33:10
82,Считыватель КПК D1.10,2016-10-14 15:33:15
82,Считыватель КПК D2.03 (вх) ESMI,2016-10-14 16:29:40
82,Считыватель КПК D2.03 (вых) ESMI,2016-10-14 16:29:40
82,Считыватель КПК D2.03 (вх) ESMI,2016-10-14 17:12:51
82,Считыватель КПК D2.03 (вых) ESMI,2016-10-14 17:12:51
82,Ввод_назначений УЗИ,2016-10-14 18:11:00
82,Закрытие_эпизода,2016-10-14 19:00:00
82,Считыватель КПК D2.03 (вых) ESMI,2016-10-14 19:00:56
83,КПП-2.04 Выход через турн.3,2016-10-17 10:13:26
83,Считыватель КПК D1.10,2016-10-17 10:14:39
83,Считыватель КПК D2.03 (вх) ESMI,2016-10-17 10:31:18
83,Считыватель КПК D2.03 (вых) ESMI,2016-10-17 11:04:02
83,Считыватель КПК D3.13 (вых в стационар),2016-10-17 11:09:24
83,Считыватель КПК D2.03 (вх) ESMI,2016-10-17 11:10:30
83,Считыватель КПК D2.03 (вх) ESMI,2016-10-17 11:12:20
83,Считыватель КПК D2.03 (вых) ESMI,2016-10-17 11:12:20
83,Считыватель КПК D7.06,2016-10-17 13:00:25
83,Считыватель КПК D7.06,2016-10-17 16:21:13
84,КПП-2.04 Выход через турн.3,2016-10-18 08:49:39
84,Считыватель КПК D3.10,2016-10-18 09:00:13
84,Считыватель КПК D7.06,2016-10-18 09:05:32
84,"Ввод_назначений Лаборатория, УЗИ",2016-10-18 09:18:00
84,Ввод_назначений Лаборатория,2016-10-18 09:25:00
84,Считыватель КПК D2.03 (вх) ESMI,2016-10-18 09:35:44
84,Считыватель КПК D2.03 (вых) ESMI,2016-10-18 09:35:44
84,Ввод_назначений Лаборатория,2016-10-18 10:12:00
84,Считыватель КПК D1.10,2016-10-18 10:15:53
84,Считыватель КПК D3.13 (вх в БЮ),2016-10-18 10:17:36
84,Считыватель КПК D3.13 (вых в стационар),2016-10-18 10:19:39
84,Считыватель КПК D7.06,2016-10-18 10:25:44
84,Считыватель КПК D2.03 (вх) ESMI,2016-10-18 10:39:14
84,Считыватель КПК D2.03 (вх) ESMI,2016-10-18 10:39:29
84,Считыватель КПК D2.03 (вых) ESMI,2016-10-18 10:39:30
84,Считыватель КПК D2.03 (вых) ESMI,2016-10-18 10:39:32
84,Считыватель КПК D2.03 (вых) ESMI,2016-10-18 10:39:36
84,ЛРК2 Турникет 3 Вх Левый,2016-10-18 12:21:22
84,Считыватель КПК D6.08,2016-10-18 14:26:11
84,Считыватель КПК D6.06,2016-10-18 14:26:23
84,Считыватель КПК D7.06,2016-10-18 14:29:11
84,Считыватель КПК D2.03 (вых) ESMI,2016-10-18 15:29:22
84,Считыватель КПК D2.03 (вх) ESMI,2016-10-18 16:40:07
84,Считыватель КПК D2.03 (вых) ESMI,2016-10-18 18:31:59
84,Считыватель КПК D1.41,2016-10-18 18:45:58
84,Считыватель КПК D1.11,2016-10-18 18:46:04
84,Считыватель КПК D2.10,2016-10-18 18:46:15
84,Считыватель КПК D2.03 (вх) ESMI,2016-10-18 18:46:36
84,Считыватель КПК D2.03 (вых) ESMI,2016-10-18 18:47:50
84,Считыватель КПК D2.10,2016-10-18 18:51:30
84,Считыватель КПК D2.03 (вх) ESMI,2016-10-18 18:51:50
84,Считыватель КПК D2.03 (вых) ESMI,2016-10-18 18:52:56
85,КПП-2.04 Выход через турн.3,2016-10-20 15:12:52
85,Считыватель КПК D1.41,2016-10-20 15:13:57
85,Считыватель КПК D1.10,2016-10-20 15:14:02
86,КПП-2.04 Выход через турн.3,2016-10-21 16:10:36
86,Считыватель КПК D2.03 (вх) ESMI,2016-10-21 16:28:34
86,"Прием_осмотр,_консультация_врача-кардиолога_первичный",2016-10-21 17:30:00
86,Считыватель КПК D2.03 (вых) ESMI,2016-10-21 18:28:07
86,"Прием_осмотр,_консультация_врача-кардиолога_первичный",2016-10-21 18:30:00
87,КПП-2.04 Выход через турн.3,2016-10-25 10:53:27
87,Считыватель КПК D1.41,2016-10-25 10:54:50
87,Считыватель КПК D1.10,2016-10-25 10:54:55
87,Считыватель КПК D7.06,2016-10-25 10:57:54
87,Считыватель КПК D3.10,2016-10-25 11:15:00
87,Считыватель КПК D3.13 (вх в БЮ),2016-10-25 11:15:22
87,Считыватель КПК D3.13 (вых в стационар),2016-10-25 11:16:35
87,Считыватель КПК D2.03 (вх) ESMI,2016-10-25 12:52:17
87,Считыватель КПК D2.03 (вых) ESMI,2016-10-25 13:17:21
87,Считыватель КПК D2.11,2016-10-25 13:18:14
88,КПП-2.04 Выход через турн.3,2016-10-26 09:11:47
88,Считыватель КПК D1.41,2016-10-26 09:13:25
88,Считыватель КПК D1.10,2016-10-26 09:13:30
88,Считыватель КПК D2.03 (вх) ESMI,2016-10-26 09:44:31
88,Считыватель КПК D2.03 (вых) ESMI,2016-10-26 09:50:55
88,Считыватель КПК D1.41,2016-10-26 10:18:40
88,Считыватель КПК D1.10,2016-10-26 10:18:43
88,Считыватель КПК D2.03 (вх) ESMI,2016-10-26 10:46:04
88,Считыватель КПК D2.03 (вых) ESMI,2016-10-26 11:26:34
88,Считыватель КПК D2.14 ESMI,2016-10-26 11:59:11
88,Лифт 3 Счит.Двери 1,2016-10-26 12:34:56
88,Считыватель ЛРК2 D1.19.11,2016-10-26 12:35:19
88,Считыватель КПК D2.03 (вх) ESMI,2016-10-26 14:16:20
88,Считыватель КПК D2.03 (вых) ESMI,2016-10-26 14:17:10
89,КПП-2.04 Выход через турн.3,2016-10-27 09:17:02
89,Ввод_назначений Лаборатория,2016-10-27 09:33:00
89,Ввод_назначений Лаборатория,2016-10-27 09:38:00
89,Считыватель КПК D2.03 (вх) ESMI,2016-10-27 10:13:52
89,Считыватель КПК D1.41,2016-10-27 10:39:02
89,Считыватель КПК D2.03 (вых) ESMI,2016-10-27 11:28:48
89,Считыватель КПК D2.03 (вх) ESMI,2016-10-27 12:47:09
89,ЛРК2 Турникет 3 Вх Левый,2016-10-27 13:26:57
89,Считыватель КПК D7.06,2016-10-27 15:25:40
90,Ангиологический_скрининг_с_автоматическим_измерением_систолического_артериального_давления_и_расчетом_плече-лодыжечного_индекса,2016-10-28 12:00:00
90,КПП-2.04 Выход через турн.3,2016-10-28 14:25:25
90,Считыватель КПК D1.41,2016-10-28 14:26:36
90,Считыватель КПК D1.10,2016-10-28 14:26:41
90,Считыватель КПК D2.03 (вых) ESMI,2016-10-28 15:46:59
90,Считыватель КПК D2.03 (вх) ESMI,2016-10-28 15:49:36
90,Считыватель КПК D2.03 (вых) ESMI,2016-10-28 15:59:13
90,Считыватель КПК D2.03 (вх) ESMI,2016-10-28 16:20:26
90,"Прием_осмотр,_консультация_врача-кардиолога_первичный",2016-10-28 16:49:00
91,КПП-2.04 Выход через турн.3,2016-10-31 11:01:46
91,Считыватель КПК D1.41,2016-10-31 11:02:54
91,Считыватель КПК D1.10,2016-10-31 11:02:58
91,Считыватель КПК D1.41,2016-10-31 11:20:46
91,Считыватель КПК D1.10,2016-10-31 11:20:51
91,Лифт 4 Счит.Двери 1,2016-10-31 14:52:04
91,Считыватель КПК D2.03 (вх) ESMI,2016-10-31 17:05:14
91,Считыватель КПК D2.03 (вых) ESMI,2016-10-31 17:09:08
91,Ввод_назначений Консультация,2016-10-31 17:34:00
92,КПП-2.04 Выход через турн.3,2016-11-01 14:12:04
92,Считыватель КПК D1.41,2016-11-01 14:13:09
92,Считыватель КПК D1.10,2016-11-01 14:13:14
92,КПП-2.04 Выход через турн.3,2016-11-01 21:05:25
92,Считыватель КПК D1.41,2016-11-01 21:07:50
92,Считыватель КПК D1.10,2016-11-01 21:07:55
93,КПП-2.04 Выход через турн.3,2016-11-03 17:08:22
93,Считыватель КПК D1.10,2016-11-03 17:12:16
93,Считыватель КПК D2.03 (вх) ESMI,2016-11-03 17:48:41
93,Ангиологический_скрининг_с_автоматическим_измерением_систолического_артериального_давления_и_расчетом_плече-лодыжечного_индекса,2016-11-03 18:51:00
93,Ввод_назначений Прочие_врачебные_манипуляции,2016-11-03 18:51:00
93,Ввод_назначений Прочие_врачебные_манипуляции,2016-11-03 19:09:00
93,Ангиологический_скрининг_с_автоматическим_измерением_систолического_артериального_давления_и_расчетом_плече-лодыжечного_индекса,2016-11-03 19:13:00
93,Считыватель КПК D2.03 (вых) ESMI,2016-11-03 20:16:51
94,КПП-2.04 Выход через турн.3,2016-11-07 09:03:54
94,Считыватель КПК D2.03 (вых) ESMI,2016-11-07 12:33:17
94,"Ввод_назначений Консультация, Прочие_врачебные_манипуляции",2016-11-07 14:45:00
95,КПП-2.04 Выход через турн.3,2016-11-09 09:33:50
95,Ввод_назначений,2016-11-09 10:16:00
95,Считыватель КПК D2.03 (вых) ESMI,2016-11-09 10:18:06
95,Считыватель КПК D2.03 (вх) ESMI,2016-11-09 10:33:30
95,Прием_пациента_по_научному_исследованию,2016-11-09 11:12:00
95,Считыватель КПК D2.03 (вых) ESMI,2016-11-09 11:32:41
95,Считыватель КПК D1.41,2016-11-09 14:31:19
95,Считыватель КПК D1.10,2016-11-09 14:31:23
95,Считыватель КПК D1.41,2016-11-09 15:06:31
95,Считыватель КПК D1.10,2016-11-09 15:06:36
96,КПП-2.04 Выход через турн.3,2016-11-10 11:29:15
96,Считыватель КПК D1.10,2016-11-10 11:30:52
96,Считыватель КПК D1.41,2016-11-10 12:41:51
96,Считыватель КПК D1.10,2016-11-10 12:41:55
97,КПП-2.04 Выход через турн.3,2016-11-11 12:57:35
97,Считыватель КПК D1.41,2016-11-11 12:59:00
97,Считыватель КПК D3.13 (вх в БЮ),2016-11-11 14:03:16
97,Считыватель КПК D3.13 (вых в стационар),2016-11-11 14:04:03
97,Считыватель КПК D2.03 (вх) ESMI,2016-11-11 14:05:08
97,Считыватель КПК D2.03 (вых) ESMI,2016-11-11 15:59:16
97,Считыватель КПК D2.03 (вх) ESMI,2016-11-11 17:23:53
97,"Прием_осмотр,_консультация_врача-кардиолога_первичный",2016-11-11 18:30:00
98,КПП-2.04 Выход через турн.3,2016-11-14 09:51:40
98,Ввод_назначений Лаборатория,2016-11-14 10:10:00
98,Считыватель КПК D2.03 (вх) ESMI,2016-11-14 10:15:46
98,Считыватель КПК D1.41,2016-11-14 10:20:58
98,Считыватель КПК D1.10,2016-11-14 10:21:03
98,"Прием_осмотр,_консультация_врача-кардиолога_первичный",2016-11-14 11:56:00
98,Считыватель КПК D1.41,2016-11-14 13:59:16
98,Считыватель КПК D3.12 ESMI,2016-11-14 14:00:34
99,Вход через турникет (КПП-1),2016-11-15 09:20:42
99,Прием_пациента_по_научному_исследованию,2016-11-15 11:39:00
99,Считыватель КПК D2.03 (вх) ESMI,2016-11-15 12:02:29
99,Считыватель КПК D2.03 (вых) ESMI,2016-11-15 12:11:22
99,ЛРК2 Турникет 1 Вх,2016-11-15 13:30:24
100,КПП-2.04 Выход через турн.3,2016-11-16 09:37:23
100,Считыватель КПК D1.41,2016-11-16 09:38:55
100,Считыватель КПК D2.03 (вх) ESMI,2016-11-16 10:02:15
100,Считыватель КПК D2.03 (вх) ESMI,2016-11-16 10:02:19
100,Считыватель КПК D2.03 (вых) ESMI,2016-11-16 10:47:21
100,Считыватель КПК D7.06,2016-11-16 10:48:59
100,Ввод_назначений,2016-11-16 10:50:00
100,Считыватель КПК D7.06,2016-11-16 10:53:45
100,Считыватель КПК D2.03 (вх) ESMI,2016-11-16 10:56:04
100,Считыватель КПК D2.03 (вых) ESMI,2016-11-16 11:51:21
100,Считыватель КПК D2.03 (вх) ESMI,2016-11-16 11:52:34
100,Считыватель КПК D2.03 (вых) ESMI,2016-11-16 12:20:23
100,Прием_пациента_по_научному_исследованию,2016-11-16 12:34:00
101,КПП-2.04 Выход через турн.3,2016-11-17 12:53:39
102,КПП-2.01 Вход через турн.2(1),2016-11-18 10:48:03
102,Считыватель КПК D1.41,2016-11-18 10:49:18
102,Считыватель КПК D7.06,2016-11-18 10:51:29
102,Считыватель КПК D2.03 (вх) ESMI,2016-11-18 11:02:39
102,Ангиологический_скрининг_с_автоматическим_измерением_систолического_артериального_давления_и_расчетом_плече-лодыжечного_индекса,2016-11-18 12:00:00
102,Считыватель КПК D3.13 (вх в БЮ),2016-11-18 12:08:50
102,Считыватель КПК D3.13 (вых в стационар),2016-11-18 12:10:58
102,Считыватель КПК D7.06,2016-11-18 12:12:27
102,Считыватель КПК D2.03 (вх) ESMI,2016-11-18 15:33:27
102,Считыватель КПК D7.06,2016-11-18 15:53:16
102,Считыватель КПК D2.03 (вх) ESMI,2016-11-18 16:29:38
102,Закрытие_эпизода,2016-11-18 16:32:00
102,"Прием_осмотр,_консультация_врача-кардиолога_первичный",2016-11-18 17:30:00
102,"Прием_осмотр,_консультация_врача-кардиолога_первичный",2016-11-18 18:30:00
102,"Прием_осмотр,_консультация_врача-кардиолога_первичный",2016-11-18 19:00:00
102,Считыватель КПК D2.03 (вых) ESMI,2016-11-18 20:10:07
102,Считыватель КПК D2.10,2016-11-18 20:18:45
102,Считыватель КПК D2.03 (вх) ESMI,2016-11-18 20:19:06
102,Считыватель КПК D2.03 (вх) ESMI,2016-11-18 20:38:39
102,Считыватель КПК D2.03 (вых) ESMI,2016-11-18 20:38:39
103,КПП-2.04 Выход через турн.3,2016-11-21 09:55:55
103,КПП-2.04 Выход через турн.3,2016-11-21 09:55:57
103,КПП-2.04 Выход через турн.3,2016-11-21 09:56:02
103,Считыватель КПК D1.41,2016-11-21 09:57:15
103,Считыватель КПК D1.10,2016-11-21 09:57:20
103,Считыватель КПК D2.03 (вх) ESMI,2016-11-21 10:10:56
103,Считыватель КПК D2.03 (вых) ESMI,2016-11-21 10:25:43
103,Считыватель КПК D2.03 (вх) ESMI,2016-11-21 11:28:12
103,Считыватель КПК D2.03 (вх) ESMI,2016-11-21 11:28:46
103,Считыватель КПК D2.03 (вых) ESMI,2016-11-21 11:28:46
104,КПП-2.04 Выход через турн.3,2016-11-23 11:15:14
104,Считыватель КПК D1.41,2016-11-23 11:16:25
104,Считыватель КПК D1.10,2016-11-23 11:16:31
104,"Прием_осмотр,_консультация_врача-кардиолога_первичный",2016-11-23 13:24:00
104,"Прием_осмотр,_консультация_врача-кардиолога_первичный",2016-11-23 13:57:00
104,"Прием_осмотр,_консультация_врача-кардиолога_первичный",2016-11-23 14:41:00
104,Считыватель КПК D2.03 (вх) ESMI,2016-11-23 15:07:00
105,КПП-2.04 Выход через турн.3,2016-11-24 10:40:54
105,Считыватель КПК D1.41,2016-11-24 10:42:40
105,Считыватель КПК D1.10,2016-11-24 10:42:44
105,Считыватель КПК D2.03 (вых) ESMI,2016-11-24 12:26:30
105,Лифт №2. Считыватель,2016-11-24 15:27:04
105,Считыватель ЛРК2 D1.19.11,2016-11-24 15:29:15
105,Ангиологический_скрининг_с_автоматическим_измерением_систолического_артериального_давления_и_расчетом_плече-лодыжечного_индекса,2016-11-24 19:00:00
105,Ангиологический_скрининг_с_автоматическим_измерением_систолического_артериального_давления_и_расчетом_плече-лодыжечного_индекса,2016-11-24 20:00:00
105,"Прием_осмотр,_консультация_врача-кардиолога_первичный",2016-11-24 20:00:00
106,КПП-2.04 Выход через турн.3,2016-11-25 09:44:12
106,Считыватель КПК D1.10,2016-11-25 09:45:22
106,Считыватель КПК D2.03 (вх) ESMI,2016-11-25 09:59:26
106,Считыватель КПК D2.03 (вых) ESMI,2016-11-25 09:59:26
106,"Прием_осмотр,_консультация_врача-кардиолога_первичный",2016-11-25 11:00:00
106,Считыватель КПК D2.03 (вх) ESMI,2016-11-25 12:21:38
106,Считыватель КПК D2.03 (вых) ESMI,2016-11-25 12:21:38
106,"Прием_осмотр,_консультация_врача-кардиолога_первичный",2016-11-25 16:30:00
106,"Прием_осмотр,_консультация_врача-кардиолога_первичный",2016-11-25 17:30:00
106,"Прием_осмотр,_консультация_врача-кардиолога_первичный",2016-11-25 18:30:00
106,"Прием_осмотр,_консультация_врача-кардиолога_повторный",2016-11-25 19:00:00
107,Ввод_назначений,2016-11-26 18:02:00
107,Ввод_назначений Лучевая_диагностика,2016-11-26 18:02:00
108,КПП-2.04 Выход через турн.3,2016-11-28 10:11:15
108,Считыватель КПК D1.41,2016-11-28 10:12:22
108,Считыватель КПК D1.10,2016-11-28 10:12:26
108,Считыватель КПК D1.41,2016-11-28 18:54:54
109,КПП-2.04 Выход через турн.3,2016-11-29 14:14:18
109,Считыватель КПК D1.41,2016-11-29 14:15:33
109,Считыватель КПК D1.10,2016-11-29 14:15:39
110,КПП-2.04 Выход через турн.3,2016-12-01 09:36:25
110,ЛРК2 Турникет 1 Вх,2016-12-01 11:45:51
110,ЛРК2 Турникет 1 Вх,2016-12-01 11:45:54
110,Считыватель КПК D1.41,2016-12-01 11:48:39
110,Считыватель КПК D1.10,2016-12-01 11:48:42
110,ЛРК2 Турникет 4 Вых,2016-12-01 14:20:55
111,КПП-2.04 Выход через турн.3,2016-12-02 09:10:34
111,Считыватель КПК D1.41,2016-12-02 09:12:13
111,Считыватель КПК D1.10,2016-12-02 09:12:18
111,Считыватель КПК D2.03 (вх) ESMI,2016-12-02 10:53:41
111,Считыватель КПК D2.03 (вых) ESMI,2016-12-02 10:53:41
111,Считыватель КПК D2.03 (вых) ESMI,2016-12-02 11:57:33
111,Ангиологический_скрининг_с_автоматическим_измерением_систолического_артериального_давления_и_расчетом_плече-лодыжечного_индекса,2016-12-02 12:00:00
111,"Прием_осмотр,_консультация_врача-кардиолога_первичный",2016-12-02 18:30:00
111,"Прием_осмотр,_консультация_врача-кардиолога_повторный",2016-12-02 19:00:00
111,КПП-2.04 Выход через турн.3,2016-12-05 08:23:07
111,Считыватель КПК D1.10,2016-12-05 08:25:17
111,Ввод_назначений Лаборатория,2016-12-05 08:43:00
111,Считыватель КПК D1.41,2016-12-05 09:54:02
112,КПП-2.04 Выход через турн.3,2016-12-07 08:50:48
112,Считыватель КПК D1.41,2016-12-07 08:51:55
112,Считыватель КПК D1.41,2016-12-07 09:30:47
112,Считыватель КПК D1.10,2016-12-07 09:30:53
112,Считыватель КПК D2.03 (вых) ESMI,2016-12-07 09:42:19
112,"Прием_осмотр,_консультация_врача-кардиолога_первичный",2016-12-07 10:31:00
112,Считыватель КПК D2.03 (вх) ESMI,2016-12-07 11:21:40
113,КПП-2.04 Выход через турн.3,2016-12-08 10:11:15
113,КПП-2.04 Выход через турн.3,2016-12-08 10:12:08
114,КПП-2.04 Выход через турн.3,2016-12-09 10:19:41
114,Считыватель КПК D1.41,2016-12-09 10:21:21
114,Считыватель КПК D1.10,2016-12-09 10:21:26
114,"Прием_осмотр,_консультация_врача-кардиолога_первичный",2016-12-09 16:30:00
114,"Прием_осмотр,_консультация_врача-кардиолога_первичный",2016-12-09 17:30:00
114,"Прием_осмотр,_консультация_врача-кардиолога_повторный",2016-12-09 18:30:00
114,Считыватель КПК D7.05,2016-12-09 18:33:14
115,КПП-2.04 Выход через турн.3,2016-12-12 10:40:42
115,Считыватель КПК D1.41,2016-12-12 10:41:55
115,Считыватель КПК D1.10,2016-12-12 10:42:01
116,КПП-2.04 Выход через турн.3,2016-12-13 11:07:22
116,Считыватель КПК D1.41,2016-12-13 11:08:30
116,Считыватель КПК D1.10,2016-12-13 11:08:35
116,Лифт 3 Счит.Двери 1,2016-12-13 12:42:55
116,Считыватель ЛРК2 D1.19.11,2016-12-13 12:45:10
116,Считыватель КПК D3.18 ESMI,2016-12-13 12:56:57
116,Считыватель КПК D3.18 ESMI,2016-12-13 12:57:00
117,КПП-2.04 Выход через турн.3,2016-12-14 11:16:39
117,Считыватель КПК D1.41,2016-12-14 11:18:18
117,Ввод_назначений Консультация,2016-12-14 13:19:00
118,КПП-2.04 Выход через турн.3,2016-12-15 10:46:52
118,Считыватель КПК D2.03 (вх) ESMI,2016-12-15 11:07:07
118,Ввод_назначений,2016-12-15 11:27:00
118,Закрытие_эпизода,2016-12-15 19:22:00
119,КПП-2.01 Вход через турн.2(1),2016-12-16 09:54:57
119,Считыватель КПК D1.41,2016-12-16 09:55:58
119,Считыватель КПК D1.10,2016-12-16 09:56:04
119,Ангиологический_скрининг_с_автоматическим_измерением_систолического_артериального_давления_и_расчетом_плече-лодыжечного_индекса,2016-12-16 11:00:00
119,Считыватель КПК D2.03 (вых) ESMI,2016-12-16 11:27:23
119,Закрытие_эпизода,2016-12-16 11:53:00
119,"Прием_осмотр,_консультация_врача-кардиолога_первичный",2016-12-16 16:30:00
119,Закрытие_эпизода,2016-12-16 17:34:00
119,"Прием_осмотр,_консультация_врача-кардиолога_повторный",2016-12-16 18:30:00
120,Вход через турникет (КПП-1),2016-12-20 15:07:12
120,Вход через турникет (КПП-1),2016-12-20 15:07:14
121,Вход через турникет (КПП-1),2016-12-21 14:00:28
121,Вход через турникет (КПП-1),2016-12-21 14:00:32
121,Считыватель КПК D1.10,2016-12-21 15:57:16
121,Считыватель КПК D1.41,2016-12-21 17:48:21
122,КПП-2.04 Выход через турн.3,2016-12-22 08:15:50
122,Считыватель КПК D1.41,2016-12-22 08:17:43
122,Считыватель КПК D1.10,2016-12-22 08:17:48
122,Считыватель КПК D2.03 (вх) ESMI,2016-12-22 08:35:01
122,Считыватель КПК D2.03 (вых) ESMI,2016-12-22 08:59:18
122,Считыватель КПК D2.03 (вх) ESMI,2016-12-22 09:03:06
122,Ввод_назначений,2016-12-22 09:06:00
122,Ввод_назначений,2016-12-22 09:11:00
122,"Ввод_назначений Лучевая_диагностика, Лаборатория",2016-12-22 09:12:00
122,Считыватель КПК D2.03 (вых) ESMI,2016-12-22 09:15:29
122,Считыватель КПК D3.13 (вх в БЮ),2016-12-22 09:35:14
122,Считыватель КПК D2.03 (вых) ESMI,2016-12-22 11:03:13
122,Ввод_назначений Лаборатория,2016-12-22 11:15:00
122,Считыватель КПК D1.10,2016-12-22 11:24:30
122,Считыватель КПК D1.41,2016-12-22 11:35:06
122,Считыватель КПК D1.10,2016-12-22 11:35:12
122,"Прием_осмотр,_консультация_врача-кардиолога_первичный",2016-12-22 12:09:00
122,Считыватель КПК D3.12 ESMI,2016-12-22 16:20:38
122,Считыватель КПК D2.03 (вх) ESMI,2016-12-22 16:52:43
122,Считыватель КПК D2.03 (вх) ESMI,2016-12-22 16:52:45
123,КПП-2.04 Выход через турн.3,2016-12-23 09:01:47
123,Считыватель КПК D1.41,2016-12-23 09:03:03
123,Ввод_назначений,2016-12-23 09:33:00
123,Ввод_назначений,2016-12-23 09:34:00
123,Считыватель КПК D3.13 (вх в БЮ),2016-12-23 10:03:57
123,Считыватель КПК D3.13 (вых в стационар),2016-12-23 10:05:02
123,Считыватель КПК D2.03 (вх) ESMI,2016-12-23 10:06:21
123,Ввод_назначений Лаборатория,2016-12-23 10:49:00
123,Считыватель КПК D2.03 (вых) ESMI,2016-12-23 11:18:54
123,Считыватель КПК D2.03 (вх) ESMI,2016-12-23 11:30:22
123,Считыватель КПК D2.03 (вых) ESMI,2016-12-23 11:30:22
123,Считыватель КПК D2.03 (вх) ESMI,2016-12-23 11:37:01
123,Считыватель КПК D2.03 (вых) ESMI,2016-12-23 11:37:01
123,Считыватель КПК D2.03 (вх) ESMI,2016-12-23 15:12:01
123,Считыватель КПК D2.03 (вых) ESMI,2016-12-23 15:20:33
123,Считыватель КПК D2.03 (вх) ESMI,2016-12-23 15:35:15
123,"Прием_осмотр,_консультация_врача-кардиолога_первичный",2016-12-23 16:30:00
123,Считыватель КПК D2.03 (вых) ESMI,2016-12-23 16:42:16
123,Считыватель КПК D2.03 (вх) ESMI,2016-12-23 17:25:31
123,Считыватель КПК D2.03 (вых) ESMI,2016-12-23 18:17:32
123,Считыватель КПК D2.03 (вх) ESMI,2016-12-23 18:17:50
123,Считыватель КПК D2.03 (вых) ESMI,2016-12-23 18:17:50
123,Считыватель КПК D2.03 (вых) ESMI,2016-12-23 18:23:48
123,Считыватель КПК D1.41,2016-12-23 18:49:59
123,Считыватель КПК D1.41,2016-12-23 19:00:28
124,КПП-2.04 Выход через турн.3,2016-12-26 10:48:54
124,Считыватель КПК D1.41,2016-12-26 10:49:55
124,Считыватель КПК D1.10,2016-12-26 10:50:00
124,Считыватель КПК D3.13 (вх в БЮ),2016-12-26 12:59:38
124,Считыватель КПК D3.13 (вых в стационар),2016-12-26 13:00:55
124,Считыватель КПК D7.06,2016-12-26 13:02:31
124,"Прием_осмотр,_консультация_врача-кардиолога_первичный",2016-12-26 13:34:00
124,Считыватель КПК D3.13 (вх в БЮ),2016-12-26 15:09:02
124,Считыватель КПК D3.13 (вых в стационар),2016-12-26 15:10:45
124,Считыватель КПК D2.03 (вых) ESMI,2016-12-26 15:59:37
124,Считыватель КПК D2.03 (вх) ESMI,2016-12-26 17:05:01
124,Считыватель КПК D2.03 (вых) ESMI,2016-12-26 17:05:01
124,Считыватель КПК D2.03 (вых) ESMI,2016-12-26 17:05:41
125,Считыватель КПК D1.41,2016-12-28 11:01:34
125,Ввод_назначений Лаборатория,2016-12-28 11:14:00
125,"Прием_осмотр,_консультация_врача-кардиолога_повторный",2016-12-28 12:31:00
125,"Прием_осмотр,_консультация_врача-кардиолога_повторный",2016-12-28 14:44:00
126,Считыватель КПК D1.10,2016-12-29 11:56:13
